{
	"id": "c276d94a-49f6-64cd-8d87-8a35b8881d4e",
	"name": "RESTful API ASP.NET Core - module 6",
	"description": "",
	"order": [
		"50b4559f-3278-8269-05ac-2f0a8b268c2b",
		"659e1ffb-4695-4d39-de20-3b0c6ca0c42c",
		"a61988e3-a376-9d2a-2981-c8a3e7a89493",
		"7203fab2-9a36-1069-25c9-d0bd2f917eb6",
		"50bd6205-12ae-8514-6331-d2c292b0fa28",
		"378ab7ca-7ff7-bb8e-b701-30a11421b537",
		"caed8d80-4dbf-7899-a6cb-1e419c938678",
		"42b9f8af-fdc6-804d-f613-baa40d7976e2",
		"285534d8-1d56-abaf-d471-0449178942a6"
	],
	"folders": [],
	"timestamp": 1479138163933,
	"owner": "805617",
	"public": false,
	"requests": [
		{
			"id": "285534d8-1d56-abaf-d471-0449178942a6",
			"headers": "Accept: application/json\n",
			"url": "http://localhost:6058/api/authors?searchQuery=a&genre=Fantasy&pageNumber=2&pageSize=2",
			"preRequestScript": null,
			"pathVariables": {},
			"method": "GET",
			"data": null,
			"dataMode": "params",
			"version": 2,
			"tests": null,
			"currentHelper": "normal",
			"helperAttributes": {},
			"time": 1479486821758,
			"name": "GET Authors (searchQuery = a, genre = Fantasy, pageNumber = 2, pageSize = 2)",
			"description": "",
			"collectionId": "c276d94a-49f6-64cd-8d87-8a35b8881d4e",
			"responses": []
		},
		{
			"id": "378ab7ca-7ff7-bb8e-b701-30a11421b537",
			"headers": "Accept: application/json\n",
			"url": "http://localhost:6058/api/authors?genre=Fantasy&pageNumber=2&pageSize=2",
			"preRequestScript": null,
			"pathVariables": {},
			"method": "GET",
			"data": null,
			"dataMode": "params",
			"version": 2,
			"tests": null,
			"currentHelper": "normal",
			"helperAttributes": {},
			"time": 1479483973852,
			"name": "GET Authors (genre = Fantasy, pageNumber = 2, pageSize = 2)",
			"description": "",
			"collectionId": "c276d94a-49f6-64cd-8d87-8a35b8881d4e",
			"responses": []
		},
		{
			"id": "42b9f8af-fdc6-804d-f613-baa40d7976e2",
			"headers": "Accept: application/json\n",
			"url": "http://localhost:6058/api/authors?searchQuery=a&genre=Fantasy",
			"preRequestScript": null,
			"pathVariables": {},
			"method": "GET",
			"data": null,
			"dataMode": "params",
			"version": 2,
			"tests": null,
			"currentHelper": "normal",
			"helperAttributes": {},
			"time": 1479486277424,
			"name": "GET Authors (searchQuery = a, genre = Fantasy)",
			"description": "",
			"collectionId": "c276d94a-49f6-64cd-8d87-8a35b8881d4e",
			"responses": []
		},
		{
			"id": "50b4559f-3278-8269-05ac-2f0a8b268c2b",
			"headers": "Accept: application/json\n",
			"url": "http://localhost:6058/api/authors",
			"preRequestScript": null,
			"pathVariables": {},
			"method": "GET",
			"data": null,
			"dataMode": "params",
			"version": 2,
			"tests": null,
			"currentHelper": "normal",
			"helperAttributes": {},
			"time": 1479138197315,
			"name": "GET Authors",
			"description": "",
			"collectionId": "c276d94a-49f6-64cd-8d87-8a35b8881d4e",
			"responses": []
		},
		{
			"id": "50bd6205-12ae-8514-6331-d2c292b0fa28",
			"headers": "Accept: application/json\n",
			"url": "http://localhost:6058/api/authors?genre=Fantasy",
			"preRequestScript": null,
			"pathVariables": {},
			"method": "GET",
			"data": null,
			"dataMode": "params",
			"version": 2,
			"tests": null,
			"currentHelper": "normal",
			"helperAttributes": {},
			"time": 1479483951245,
			"name": "GET Authors (genre = Fantasy)",
			"description": "",
			"collectionId": "c276d94a-49f6-64cd-8d87-8a35b8881d4e",
			"responses": []
		},
		{
			"id": "659e1ffb-4695-4d39-de20-3b0c6ca0c42c",
			"headers": "Accept: application/json\n",
			"url": "http://localhost:6058/api/authors?pageNumber=1&pageSize=5",
			"preRequestScript": null,
			"pathVariables": {},
			"method": "GET",
			"data": null,
			"dataMode": "params",
			"version": 2,
			"tests": null,
			"currentHelper": "normal",
			"helperAttributes": {},
			"time": 1479138256382,
			"name": "GET Authors (pageNumber = 1, pageSize = 5)",
			"description": "",
			"collectionId": "c276d94a-49f6-64cd-8d87-8a35b8881d4e",
			"responses": []
		},
		{
			"id": "7203fab2-9a36-1069-25c9-d0bd2f917eb6",
			"headers": "Accept: application/json\n",
			"url": "http://localhost:6058/api/authors?pageNumber=2&pageSize=5",
			"preRequestScript": null,
			"pathVariables": {},
			"method": "GET",
			"data": null,
			"dataMode": "params",
			"version": 2,
			"tests": null,
			"currentHelper": "normal",
			"helperAttributes": {},
			"time": 1479138353922,
			"name": "GET Authors (pageNumber = 2, pageSize = 5)",
			"description": "",
			"collectionId": "c276d94a-49f6-64cd-8d87-8a35b8881d4e",
			"responses": []
		},
		{
			"id": "a61988e3-a376-9d2a-2981-c8a3e7a89493",
			"headers": "Accept: application/json\n",
			"url": "http://localhost:6058/api/authors?pageNumber=1&pageSize=100",
			"preRequestScript": null,
			"pathVariables": {},
			"method": "GET",
			"data": null,
			"dataMode": "params",
			"version": 2,
			"tests": null,
			"currentHelper": "normal",
			"helperAttributes": {},
			"time": 1479138273063,
			"name": "GET Authors (pageNumber = 1, pageSize = 100)",
			"description": "",
			"collectionId": "c276d94a-49f6-64cd-8d87-8a35b8881d4e",
			"responses": []
		},
		{
			"id": "caed8d80-4dbf-7899-a6cb-1e419c938678",
			"headers": "Accept: application/json\n",
			"url": "http://localhost:6058/api/authors?searchQuery=a",
			"preRequestScript": null,
			"pathVariables": {},
			"method": "GET",
			"data": null,
			"dataMode": "params",
			"version": 2,
			"tests": null,
			"currentHelper": "normal",
			"helperAttributes": {},
			"time": 1479486242605,
			"name": "GET Authors (searchQuery = a)",
			"description": "",
			"collectionId": "c276d94a-49f6-64cd-8d87-8a35b8881d4e",
			"responses": []
		}
	]
}