{
	"id": "1e72cce7-ac7f-2e58-299f-1bd0e233b8c7",
	"name": "RESTful API ASP.NET Core - module 4",
	"description": "",
	"order": [
		"08217ebc-537a-ca87-9fea-675f90964e6d",
		"2767815f-ee02-a891-91e8-31bca1aecd04",
		"b4c8f5c0-3944-1812-358a-11a461148167",
		"ce345139-46be-d730-dd80-06e0f4d2efa6",
		"3d8eda51-b85d-7f50-1b03-b11310e7f87c",
		"05db0f18-636b-6f23-7f9c-0275cfc9d0b8",
		"d14060a5-59dd-1cd2-1454-abb9202999a4",
		"e4bcb9a3-28f2-afed-efed-bedcc8b11bf7",
		"7d3d3ad9-96f7-b2bc-434f-d1945490b6bc",
		"59a5f634-e580-03bb-8efa-e200597cf000",
		"5c1d00a9-324e-e110-36ea-1a45256deb51"
	],
	"folders": [],
	"timestamp": 1478191155597,
	"owner": "805617",
	"public": false,
	"requests": [
		{
			"id": "05db0f18-636b-6f23-7f9c-0275cfc9d0b8",
			"headers": "Content-Type: application/json-patch+json\nAccept: application/json\n",
			"url": "http://localhost:6058/api/authors/76053df4-6687-4353-8937-b45556748abe/books/447eb762-95e9-4c31-95e1-b20053fbe215",
			"preRequestScript": null,
			"pathVariables": {},
			"method": "PATCH",
			"data": [],
			"dataMode": "raw",
			"version": 2,
			"tests": null,
			"currentHelper": "normal",
			"helperAttributes": {},
			"time": 1479822245159,
			"name": "PATCH Book for Author",
			"description": "",
			"collectionId": "1e72cce7-ac7f-2e58-299f-1bd0e233b8c7",
			"responses": [],
			"rawModeData": "[\n    {\n      \"op\": \"replace\",\n      \"path\": \"/title\",\n      \"value\": \"A Game of Thrones - Updated\"\n    }\n]"
		},
		{
			"id": "08217ebc-537a-ca87-9fea-675f90964e6d",
			"headers": "Content-Type: application/json\nAccept: application/json\n",
			"url": "http://localhost:6058/api/authors/76053df4-6687-4353-8937-b45556748abe/books/447eb762-95e9-4c31-95e1-b20053fbe215",
			"preRequestScript": null,
			"pathVariables": {},
			"method": "PUT",
			"data": [],
			"dataMode": "raw",
			"version": 2,
			"tests": null,
			"currentHelper": "normal",
			"helperAttributes": {},
			"time": 1483873227931,
			"name": "PUT Book for Author",
			"description": "",
			"collectionId": "1e72cce7-ac7f-2e58-299f-1bd0e233b8c7",
			"responses": [],
			"rawModeData": "{\n  \"title\": \"A Game of Thrones - Updated\",\n  \"description\": \"Description - Updated\"\n}"
		},
		{
			"id": "2767815f-ee02-a891-91e8-31bca1aecd04",
			"headers": "Content-Type: application/json\nAccept: application/json\n",
			"url": "http://localhost:6058/api/authors/76053df4-6687-4353-8937-b45556748abe/books/447eb762-95e9-4c31-95e1-b20053fbe215",
			"preRequestScript": null,
			"pathVariables": {},
			"method": "PUT",
			"data": [],
			"dataMode": "raw",
			"version": 2,
			"tests": null,
			"currentHelper": "normal",
			"helperAttributes": {},
			"time": 1478192519345,
			"name": "PUT Book for Author (with ids)",
			"description": "",
			"collectionId": "1e72cce7-ac7f-2e58-299f-1bd0e233b8c7",
			"responses": [],
			"rawModeData": "{\n  \"title\": \"A Game of Thrones - Test with both ids\",\n  \"description\": \"Description - Test with both ids\",\n  \"id\": \"e57b605f-8b3c-4089-b672-6ce9e6d6c23f\",\n  \"authorId\": \"f74d6899-9ed2-4137-9876-66b070553f8f\"\n}"
		},
		{
			"id": "3d8eda51-b85d-7f50-1b03-b11310e7f87c",
			"headers": "Content-Type: application/json\nAccept: application/json\n",
			"url": "http://localhost:6058/api/authors/76053df4-6687-4353-8937-b45556748abe/books/75bf303e-6dc4-4b00-81fd-f896a6379f5f",
			"preRequestScript": null,
			"pathVariables": {},
			"method": "PUT",
			"data": [],
			"dataMode": "raw",
			"version": 2,
			"tests": null,
			"currentHelper": "normal",
			"helperAttributes": {},
			"time": 1482153570669,
			"name": "PUT Book for Author (unexisting book)",
			"description": "",
			"collectionId": "1e72cce7-ac7f-2e58-299f-1bd0e233b8c7",
			"responses": [],
			"rawModeData": "{\n  \"title\": \"The Winds of Winter\",\n  \"description\": \"Forthcoming 6th novel in A Song of Ice and Fire.\"\n}"
		},
		{
			"id": "59a5f634-e580-03bb-8efa-e200597cf000",
			"headers": "Content-Type: application/json-patch+json\nAccept: application/json\n",
			"url": "http://localhost:6058/api/authors/62e81210-2d6b-4213-9621-ec2f321c1651/books/447eb762-95e9-4c31-95e1-b20053fbe215",
			"preRequestScript": null,
			"pathVariables": {},
			"method": "PATCH",
			"data": [],
			"dataMode": "raw",
			"version": 2,
			"tests": null,
			"currentHelper": "normal",
			"helperAttributes": {},
			"time": 1479822336400,
			"name": "PATCH Book for Author (unexisting author)",
			"description": "",
			"collectionId": "1e72cce7-ac7f-2e58-299f-1bd0e233b8c7",
			"responses": [],
			"rawModeData": "[\n    {\n      \"op\": \"replace\",\n      \"path\": \"/title\",\n      \"value\": \"A Game of Thrones - Updated\"\n    }\n]"
		},
		{
			"id": "5c1d00a9-324e-e110-36ea-1a45256deb51",
			"headers": "Content-Type: application/json-patch+json\nAccept: application/json\n",
			"url": "http://localhost:6058/api/authors/76053df4-6687-4353-8937-b45556748abe/books/75bf303e-6dc4-4b00-81fd-f896a6379f5f",
			"preRequestScript": null,
			"pathVariables": {},
			"method": "PATCH",
			"data": [],
			"dataMode": "raw",
			"version": 2,
			"tests": null,
			"currentHelper": "normal",
			"helperAttributes": {},
			"time": 1479822340075,
			"name": "PATCH Book for Author (unexisting book)",
			"description": "",
			"collectionId": "1e72cce7-ac7f-2e58-299f-1bd0e233b8c7",
			"responses": [],
			"rawModeData": "[\n    {\n      \"op\": \"replace\",\n      \"path\": \"/title\",\n      \"value\": \"The Winds of Winter\"\n    },\n    {\n      \"op\": \"replace\",\n      \"path\": \"/description\",\n      \"value\": \"Description of The Winds of Winter\"\n    }\n]"
		},
		{
			"id": "7d3d3ad9-96f7-b2bc-434f-d1945490b6bc",
			"headers": "Content-Type: application/json-patch+json\nAccept: application/json\n",
			"url": "http://localhost:6058/api/authors/76053df4-6687-4353-8937-b45556748abe/books/447eb762-95e9-4c31-95e1-b20053fbe215",
			"preRequestScript": null,
			"pathVariables": {},
			"method": "PATCH",
			"data": [],
			"dataMode": "raw",
			"version": 2,
			"tests": null,
			"currentHelper": "normal",
			"helperAttributes": {},
			"time": 1482771889737,
			"name": "PATCH Book for Author (copy and add)",
			"description": "",
			"collectionId": "1e72cce7-ac7f-2e58-299f-1bd0e233b8c7",
			"responses": [],
			"rawModeData": "[\n    {\n      \"op\": \"add\",\n      \"path\": \"/description\",\n      \"value\": \"new description\"\n    },\n    {\n      \"op\": \"copy\",\n      \"from\": \"/description\",\n      \"path\": \"/title\"\n    }\n]"
		},
		{
			"id": "b4c8f5c0-3944-1812-358a-11a461148167",
			"headers": "Content-Type: application/json\nAccept: application/json\n",
			"url": "http://localhost:6058/api/authors/76053df4-6687-4353-8937-b45556748abe/books/447eb762-95e9-4c31-95e1-b20053fbe215",
			"pathVariables": {},
			"preRequestScript": null,
			"method": "PUT",
			"collectionId": "1e72cce7-ac7f-2e58-299f-1bd0e233b8c7",
			"data": [],
			"dataMode": "raw",
			"name": "PUT Book for Author (no description)",
			"description": "",
			"descriptionFormat": "html",
			"time": 1478192579996,
			"version": 2,
			"responses": [],
			"tests": null,
			"currentHelper": "normal",
			"helperAttributes": {},
			"rawModeData": "{\n  \"title\": \"A Game of Thrones - Updated\"\n}"
		},
		{
			"id": "ce345139-46be-d730-dd80-06e0f4d2efa6",
			"headers": "Content-Type: application/json\nAccept: application/json\n",
			"url": "http://localhost:6058/api/authors/62e81210-2d6b-4213-9621-ec2f321c1651/books/bc4c35c3-3857-4250-9449-155fcf5109ec",
			"preRequestScript": null,
			"pathVariables": {},
			"method": "PUT",
			"data": [],
			"dataMode": "raw",
			"version": 2,
			"tests": null,
			"currentHelper": "normal",
			"helperAttributes": {},
			"time": 1482153622682,
			"name": "PUT Book for Author (unexisting author)",
			"description": "",
			"collectionId": "1e72cce7-ac7f-2e58-299f-1bd0e233b8c7",
			"responses": [],
			"rawModeData": "{\n  \"title\": \"The Winds of Winter\",\n  \"description\": \"Forthcoming 6th novel in A Song of Ice and Fire.\"\n}"
		},
		{
			"id": "d14060a5-59dd-1cd2-1454-abb9202999a4",
			"headers": "Content-Type: application/json-patch+json\nAccept: application/json\n",
			"url": "http://localhost:6058/api/authors/76053df4-6687-4353-8937-b45556748abe/books/447eb762-95e9-4c31-95e1-b20053fbe215",
			"preRequestScript": null,
			"pathVariables": {},
			"method": "PATCH",
			"data": [],
			"dataMode": "raw",
			"version": 2,
			"tests": null,
			"currentHelper": "normal",
			"helperAttributes": {},
			"time": 1479822324566,
			"name": "PATCH Book for Author (multiple)",
			"description": "",
			"collectionId": "1e72cce7-ac7f-2e58-299f-1bd0e233b8c7",
			"responses": [],
			"rawModeData": "[\n    {\n      \"op\": \"replace\",\n      \"path\": \"/title\",\n      \"value\": \"A Game of Thrones - Updated again\"\n    },\n    {\n      \"op\": \"replace\",\n      \"path\": \"/description\",\n      \"value\": \"Description - Updated\"\n    }\n]"
		},
		{
			"id": "e4bcb9a3-28f2-afed-efed-bedcc8b11bf7",
			"headers": "Content-Type: application/json-patch+json\nAccept: application/json\n",
			"url": "http://localhost:6058/api/authors/76053df4-6687-4353-8937-b45556748abe/books/447eb762-95e9-4c31-95e1-b20053fbe215",
			"preRequestScript": null,
			"pathVariables": {},
			"method": "PATCH",
			"data": [],
			"dataMode": "raw",
			"version": 2,
			"tests": null,
			"currentHelper": "normal",
			"helperAttributes": {},
			"time": 1482771656174,
			"name": "PATCH Book for Author (remove)",
			"description": "",
			"collectionId": "1e72cce7-ac7f-2e58-299f-1bd0e233b8c7",
			"responses": [],
			"rawModeData": "[\n    {\n      \"op\": \"remove\",\n      \"path\": \"/description\"\n    }\n]"
		}
	]
}