{
	"id": "15475c6e-2ee0-2b8d-218f-2fb1797621bc",
	"name": "RESTful API ASP.NET Core - module 5",
	"description": "",
	"order": [
		"d915febc-9460-912d-f859-f32c9cb2c023",
		"663486d4-68c4-ab4c-ee01-5865d5820103",
		"ff708667-97b0-8fb9-457e-375ffdb08124",
		"075475ad-9f3d-ea0a-3d2d-556907f47c05",
		"edf27691-9792-2371-40f8-6711515cebc0",
		"a1fa6d89-27c3-14b2-7310-e494fd13a250",
		"34fb76de-9125-462f-2971-a803c427614d",
		"dae1dd37-de56-c1e3-dce6-2984c28328d6",
		"66076b5a-d92f-227a-b226-2211465e962a",
		"a991452c-a550-a71d-dd75-80f897113df8",
		"99ffa78f-8879-21a5-7a9e-f09abc181c3e",
		"8c8d69e9-9dba-efbd-78fe-09f8d03c29fe"
	],
	"folders": [],
	"timestamp": 1478531283361,
	"owner": "805617",
	"public": false,
	"requests": [
		{
			"id": "075475ad-9f3d-ea0a-3d2d-556907f47c05",
			"headers": "Content-Type: application/json\nAccept: application/json\n",
			"url": "http://localhost:6058/api/authors/f74d6899-9ed2-4137-9876-66b070553f8f/books",
			"preRequestScript": null,
			"pathVariables": {},
			"method": "POST",
			"data": [],
			"dataMode": "raw",
			"version": 2,
			"tests": null,
			"currentHelper": "normal",
			"helperAttributes": {},
			"time": 1478623806896,
			"name": "POST Book for Author (long title == long description)",
			"description": "",
			"collectionId": "15475c6e-2ee0-2b8d-218f-2fb1797621bc",
			"responses": [],
			"rawModeData": "{\n  \"title\" : \"Capstan gibbet poop deck smartly knave snow crow's nest tack Corsair doubloon. Dead men tell no tales Barbary Coast coxswain Arr gunwalls walk the plank tackle Gold Road yo-ho-ho lugger. Clipper lass sloop crack Jennys tea cup boatswain Pirate Round fire in the hole yard Gold Road weigh anchor. Draft measured fer yer chains boatswain fore lugsail heave down salmagundi pillage careen keel. Smartly warp run a rig grog dead men tell no tales lanyard loot bilge water coffer pink. Red ensign square-rigged ahoy gunwalls quarter knave doubloon handsomely shrouds reef sails. Belay brigantine galleon rigging nipper wherry lee parrel loaded to the gunwalls carouser. Jack Tar rope's end lee Corsair schooner barkadeer chantey rigging jack cable. No prey, no pay lee Chain Shot ye code of conduct tender Jack Tar topgallant piracy black jack. Hearties measured fer yer chains bowsprit port starboard Pieces of Eight Pirate Round pressgang black jack brig. Crimp salmagundi Brethren of the Coast poop deck coxswain quarterdeck black spot hogshead reef sails Yellow Jack. Brigantine piracy league Privateer run a shot across the bow rum lass Pirate Round Davy Jones' Locker ho. Arr yardarm walk the plank long boat hardtack gangplank bring a spring upon her cable scallywag port mizzen. Ahoy lateen sail Corsair gangplank careen warp rigging chase nipper gaff. Scallywag rutters plunder hail-shot fluke draught yo-ho-ho long clothes maroon reef sails.\",\n  \"description\" : \"Capstan gibbet poop deck smartly knave snow crow's nest tack Corsair doubloon. Dead men tell no tales Barbary Coast coxswain Arr gunwalls walk the plank tackle Gold Road yo-ho-ho lugger. Clipper lass sloop crack Jennys tea cup boatswain Pirate Round fire in the hole yard Gold Road weigh anchor. Draft measured fer yer chains boatswain fore lugsail heave down salmagundi pillage careen keel. Smartly warp run a rig grog dead men tell no tales lanyard loot bilge water coffer pink. Red ensign square-rigged ahoy gunwalls quarter knave doubloon handsomely shrouds reef sails. Belay brigantine galleon rigging nipper wherry lee parrel loaded to the gunwalls carouser. Jack Tar rope's end lee Corsair schooner barkadeer chantey rigging jack cable. No prey, no pay lee Chain Shot ye code of conduct tender Jack Tar topgallant piracy black jack. Hearties measured fer yer chains bowsprit port starboard Pieces of Eight Pirate Round pressgang black jack brig. Crimp salmagundi Brethren of the Coast poop deck coxswain quarterdeck black spot hogshead reef sails Yellow Jack. Brigantine piracy league Privateer run a shot across the bow rum lass Pirate Round Davy Jones' Locker ho. Arr yardarm walk the plank long boat hardtack gangplank bring a spring upon her cable scallywag port mizzen. Ahoy lateen sail Corsair gangplank careen warp rigging chase nipper gaff. Scallywag rutters plunder hail-shot fluke draught yo-ho-ho long clothes maroon reef sails.\"\n}"
		},
		{
			"id": "34fb76de-9125-462f-2971-a803c427614d",
			"headers": "Content-Type: application/json\nAccept: application/json\n",
			"url": "http://localhost:6058/api/authors/76053df4-6687-4353-8937-b45556748abe/books/447eb762-95e9-4c31-95e1-b20053fbe215",
			"pathVariables": {},
			"preRequestScript": null,
			"method": "PUT",
			"collectionId": "15475c6e-2ee0-2b8d-218f-2fb1797621bc",
			"data": [],
			"dataMode": "raw",
			"name": "PUT Book for Author (null title == null description)",
			"description": "",
			"descriptionFormat": "html",
			"time": 1478627624988,
			"version": 2,
			"responses": [],
			"tests": null,
			"currentHelper": "normal",
			"helperAttributes": {},
			"rawModeData": "{\n  \"title\": null,\n  \"description\": null\n}"
		},
		{
			"id": "66076b5a-d92f-227a-b226-2211465e962a",
			"headers": "Content-Type: application/json-patch+json\nAccept: application/json\n",
			"url": "http://localhost:6058/api/authors/76053df4-6687-4353-8937-b45556748abe/books/447eb762-95e9-4c31-95e1-b20053fbe215",
			"preRequestScript": null,
			"pathVariables": {},
			"method": "PATCH",
			"data": [],
			"dataMode": "raw",
			"version": 2,
			"tests": null,
			"currentHelper": "normal",
			"helperAttributes": {},
			"time": 1479822353585,
			"name": "PATCH Book for Author (remove description)",
			"description": "",
			"collectionId": "15475c6e-2ee0-2b8d-218f-2fb1797621bc",
			"responses": [],
			"rawModeData": "[\n    {\n      \"op\": \"remove\",\n      \"path\": \"/description\"\n    }\n]"
		},
		{
			"id": "663486d4-68c4-ab4c-ee01-5865d5820103",
			"headers": "Content-Type: application/json\nAccept: application/json\n",
			"url": "http://localhost:6058/api/authors/f74d6899-9ed2-4137-9876-66b070553f8f/books",
			"preRequestScript": null,
			"pathVariables": {},
			"method": "POST",
			"data": [],
			"dataMode": "raw",
			"version": 2,
			"tests": null,
			"currentHelper": "normal",
			"helperAttributes": {},
			"time": 1478534150325,
			"name": "POST Book for Author (invalid values)",
			"description": "",
			"collectionId": "15475c6e-2ee0-2b8d-218f-2fb1797621bc",
			"responses": [],
			"rawModeData": "{\n\t\"title\" : null,\n\t\"description\" : \"Capstan gibbet poop deck smartly knave snow crow's nest tack Corsair doubloon. Dead men tell no tales Barbary Coast coxswain Arr gunwalls walk the plank tackle Gold Road yo-ho-ho lugger. Clipper lass sloop crack Jennys tea cup boatswain Pirate Round fire in the hole yard Gold Road weigh anchor. Draft measured fer yer chains boatswain fore lugsail heave down salmagundi pillage careen keel. Smartly warp run a rig grog dead men tell no tales lanyard loot bilge water coffer pink. Red ensign square-rigged ahoy gunwalls quarter knave doubloon handsomely shrouds reef sails. Belay brigantine galleon rigging nipper wherry lee parrel loaded to the gunwalls carouser. Jack Tar rope's end lee Corsair schooner barkadeer chantey rigging jack cable. No prey, no pay lee Chain Shot ye code of conduct tender Jack Tar topgallant piracy black jack. Hearties measured fer yer chains bowsprit port starboard Pieces of Eight Pirate Round pressgang black jack brig. Crimp salmagundi Brethren of the Coast poop deck coxswain quarterdeck black spot hogshead reef sails Yellow Jack. Brigantine piracy league Privateer run a shot across the bow rum lass Pirate Round Davy Jones' Locker ho. Arr yardarm walk the plank long boat hardtack gangplank bring a spring upon her cable scallywag port mizzen. Ahoy lateen sail Corsair gangplank careen warp rigging chase nipper gaff. Scallywag rutters plunder hail-shot fluke draught yo-ho-ho long clothes maroon reef sails.\"\n}"
		},
		{
			"id": "8c8d69e9-9dba-efbd-78fe-09f8d03c29fe",
			"headers": "",
			"url": "http://localhost:6058/api/authors/25320c5e-f58a-4b1f-b63a-8ee07a840bdf/books/70a1f9b9-0a37-4c1a-99b1-c7709fc64167",
			"pathVariables": {},
			"preRequestScript": null,
			"method": "DELETE",
			"collectionId": "15475c6e-2ee0-2b8d-218f-2fb1797621bc",
			"data": null,
			"dataMode": "params",
			"name": "DELETE Book for Author",
			"description": "",
			"descriptionFormat": "html",
			"time": 1478795734495,
			"version": 2,
			"responses": [],
			"tests": null,
			"currentHelper": "normal",
			"helperAttributes": {}
		},
		{
			"id": "99ffa78f-8879-21a5-7a9e-f09abc181c3e",
			"headers": "Content-Type: application/json-patch+json\nAccept: application/json\n",
			"url": "http://localhost:6058/api/authors/76053df4-6687-4353-8937-b45556748abe/books/75bf303e-6dc4-4b00-81fd-f896a6379f5f",
			"preRequestScript": null,
			"pathVariables": {},
			"method": "PATCH",
			"data": [],
			"dataMode": "raw",
			"version": 2,
			"tests": null,
			"currentHelper": "normal",
			"helperAttributes": {},
			"time": 1479822362563,
			"name": "PATCH Book for Author (UPSERT - valid patch document, no title)",
			"description": "",
			"collectionId": "15475c6e-2ee0-2b8d-218f-2fb1797621bc",
			"responses": [],
			"rawModeData": "[\n    {\n      \"op\": \"add\",\n      \"path\": \"/description\",\n      \"value\": \"The Winds of Winter - Description\"\n    }\n]"
		},
		{
			"id": "a1fa6d89-27c3-14b2-7310-e494fd13a250",
			"headers": "Content-Type: application/json\nAccept: application/json\n",
			"url": "http://localhost:6058/api/authors/76053df4-6687-4353-8937-b45556748abe/books/447eb762-95e9-4c31-95e1-b20053fbe215",
			"pathVariables": {},
			"preRequestScript": null,
			"method": "PUT",
			"collectionId": "15475c6e-2ee0-2b8d-218f-2fb1797621bc",
			"data": [],
			"dataMode": "raw",
			"name": "PUT Book for Author (null description)",
			"description": "",
			"descriptionFormat": "html",
			"time": 1478627747260,
			"version": 2,
			"responses": [],
			"tests": null,
			"currentHelper": "normal",
			"helperAttributes": {},
			"rawModeData": "{\n  \"title\": \"A Game of Thrones - Updated\",\n  \"description\": null\n}"
		},
		{
			"id": "a991452c-a550-a71d-dd75-80f897113df8",
			"headers": "Content-Type: application/json-patch+json\nAccept: application/json\n",
			"url": "http://localhost:6058/api/authors/76053df4-6687-4353-8937-b45556748abe/books/75bf303e-6dc4-4b00-81fd-f896a6379f5f",
			"preRequestScript": null,
			"pathVariables": {},
			"method": "PATCH",
			"data": [],
			"dataMode": "raw",
			"version": 2,
			"tests": null,
			"currentHelper": "normal",
			"helperAttributes": {},
			"time": 1479822357493,
			"name": "PATCH Book for Author (UPSERT - invalid patch document)",
			"description": "",
			"collectionId": "15475c6e-2ee0-2b8d-218f-2fb1797621bc",
			"responses": [],
			"rawModeData": "[\n    {\n      \"op\": \"remove\",\n      \"path\": \"/thisdoesnotexist\" \n    }\n]"
		},
		{
			"id": "d915febc-9460-912d-f859-f32c9cb2c023",
			"headers": "Content-Type: application/json\nAccept: application/json\n",
			"url": "http://localhost:6058/api/authors/f74d6899-9ed2-4137-9876-66b070553f8f/books",
			"preRequestScript": null,
			"pathVariables": {},
			"method": "POST",
			"data": [],
			"dataMode": "raw",
			"version": 2,
			"tests": null,
			"currentHelper": "normal",
			"helperAttributes": {},
			"time": 1478534060690,
			"name": "POST Book for Author (null values)",
			"description": "",
			"collectionId": "15475c6e-2ee0-2b8d-218f-2fb1797621bc",
			"responses": [],
			"rawModeData": "{\n\t\"title\" : null,\n\t\"description\" : null\n}"
		},
		{
			"id": "dae1dd37-de56-c1e3-dce6-2984c28328d6",
			"headers": "Content-Type: application/json-patch+json\nAccept: application/json\n",
			"url": "http://localhost:6058/api/authors/76053df4-6687-4353-8937-b45556748abe/books/447eb762-95e9-4c31-95e1-b20053fbe215",
			"preRequestScript": null,
			"pathVariables": {},
			"method": "PATCH",
			"data": [],
			"dataMode": "raw",
			"version": 2,
			"tests": null,
			"currentHelper": "normal",
			"helperAttributes": {},
			"time": 1479822348950,
			"name": "PATCH Book for Author (remove unexisting property)",
			"description": "",
			"collectionId": "15475c6e-2ee0-2b8d-218f-2fb1797621bc",
			"responses": [],
			"rawModeData": "[\n    {\n      \"op\": \"remove\",\n      \"path\": \"/thisdoesnotexist\"\n    }\n]"
		},
		{
			"id": "edf27691-9792-2371-40f8-6711515cebc0",
			"headers": "Content-Type: application/json\nAccept: application/json\n",
			"url": "http://localhost:6058/api/authors/76053df4-6687-4353-8937-b45556748abe/books/447eb762-95e9-4c31-95e1-b20053fbe215",
			"preRequestScript": null,
			"pathVariables": {},
			"method": "PUT",
			"data": [],
			"dataMode": "raw",
			"version": 2,
			"tests": null,
			"currentHelper": "normal",
			"helperAttributes": {},
			"time": 1478627338951,
			"name": "PUT Book for Author (invalid values)",
			"description": "",
			"collectionId": "15475c6e-2ee0-2b8d-218f-2fb1797621bc",
			"responses": [],
			"rawModeData": "{\n  \"title\": null,\n  \"description\": \"Capstan gibbet poop deck smartly knave snow crow's nest tack Corsair doubloon. Dead men tell no tales Barbary Coast coxswain Arr gunwalls walk the plank tackle Gold Road yo-ho-ho lugger. Clipper lass sloop crack Jennys tea cup boatswain Pirate Round fire in the hole yard Gold Road weigh anchor. Draft measured fer yer chains boatswain fore lugsail heave down salmagundi pillage careen keel. Smartly warp run a rig grog dead men tell no tales lanyard loot bilge water coffer pink. Red ensign square-rigged ahoy gunwalls quarter knave doubloon handsomely shrouds reef sails. Belay brigantine galleon rigging nipper wherry lee parrel loaded to the gunwalls carouser. Jack Tar rope's end lee Corsair schooner barkadeer chantey rigging jack cable. No prey, no pay lee Chain Shot ye code of conduct tender Jack Tar topgallant piracy black jack. Hearties measured fer yer chains bowsprit port starboard Pieces of Eight Pirate Round pressgang black jack brig. Crimp salmagundi Brethren of the Coast poop deck coxswain quarterdeck black spot hogshead reef sails Yellow Jack. Brigantine piracy league Privateer run a shot across the bow rum lass Pirate Round Davy Jones' Locker ho. Arr yardarm walk the plank long boat hardtack gangplank bring a spring upon her cable scallywag port mizzen. Ahoy lateen sail Corsair gangplank careen warp rigging chase nipper gaff. Scallywag rutters plunder hail-shot fluke draught yo-ho-ho long clothes maroon reef sails.\"\n}"
		},
		{
			"id": "ff708667-97b0-8fb9-457e-375ffdb08124",
			"headers": "Content-Type: application/json\nAccept: application/json\n",
			"url": "http://localhost:6058/api/authors/f74d6899-9ed2-4137-9876-66b070553f8f/books",
			"preRequestScript": null,
			"pathVariables": {},
			"method": "POST",
			"data": [],
			"dataMode": "raw",
			"tests": null,
			"currentHelper": "normal",
			"helperAttributes": {},
			"time": 1478623804204,
			"name": "POST Book for Author (title == description)",
			"description": "",
			"collectionId": "15475c6e-2ee0-2b8d-218f-2fb1797621bc",
			"rawModeData": "{\n  \"title\" : \"A new book\",\n  \"description\" : \"A new book\"\n}"
		}
	]
}